ID_JOUR	LB_JOUR	LB_JOUR_DE_LA_SEMAINE	ID_SEMAINE	LB_SEMAINE	ID_MOIS	LB_MOIS	ID_ANNEE
20070101	2007-01-01	Monday    	200701	Week 1/2007 	200701	January   	2007
20070102	2007-01-02	Tuesday   	200701	Week 1/2007 	200701	January   	2007
20070103	2007-01-03	Wednesday 	200701	Week 1/2007 	200701	January   	2007
20070104	2007-01-04	Thursday  	200701	Week 1/2007 	200701	January   	2007
20070105	2007-01-05	Friday    	200701	Week 1/2007 	200701	January   	2007
20070106	2007-01-06	Saturday  	200701	Week 1/2007 	200701	January   	2007
20070107	2007-01-07	Sunday    	200701	Week 1/2007 	200701	January   	2007
20070108	2007-01-08	Monday    	200702	Week 2/2007 	200701	January   	2007
20070109	2007-01-09	Tuesday   	200702	Week 2/2007 	200701	January   	2007
20070110	2007-01-10	Wednesday 	200702	Week 2/2007 	200701	January   	2007
20070111	2007-01-11	Thursday  	200702	Week 2/2007 	200701	January   	2007
20070112	2007-01-12	Friday    	200702	Week 2/2007 	200701	January   	2007
20070113	2007-01-13	Saturday  	200702	Week 2/2007 	200701	January   	2007
20070114	2007-01-14	Sunday    	200702	Week 2/2007 	200701	January   	2007
20070115	2007-01-15	Monday    	200703	Week 3/2007 	200701	January   	2007
20070116	2007-01-16	Tuesday   	200703	Week 3/2007 	200701	January   	2007
20070117	2007-01-17	Wednesday 	200703	Week 3/2007 	200701	January   	2007
20070118	2007-01-18	Thursday  	200703	Week 3/2007 	200701	January   	2007
20070119	2007-01-19	Friday    	200703	Week 3/2007 	200701	January   	2007
20070120	2007-01-20	Saturday  	200703	Week 3/2007 	200701	January   	2007
20070121	2007-01-21	Sunday    	200703	Week 3/2007 	200701	January   	2007
20070122	2007-01-22	Monday    	200704	Week 4/2007 	200701	January   	2007
20070123	2007-01-23	Tuesday   	200704	Week 4/2007 	200701	January   	2007
20070124	2007-01-24	Wednesday 	200704	Week 4/2007 	200701	January   	2007
20070125	2007-01-25	Thursday  	200704	Week 4/2007 	200701	January   	2007
20070126	2007-01-26	Friday    	200704	Week 4/2007 	200701	January   	2007
20070127	2007-01-27	Saturday  	200704	Week 4/2007 	200701	January   	2007
20070128	2007-01-28	Sunday    	200704	Week 4/2007 	200701	January   	2007
20070129	2007-01-29	Monday    	200705	Week 5/2007 	200701	January   	2007
20070130	2007-01-30	Tuesday   	200705	Week 5/2007 	200701	January   	2007
20070131	2007-01-31	Wednesday 	200705	Week 5/2007 	200701	January   	2007
20070201	2007-02-01	Thursday  	200705	Week 5/2007 	200702	February  	2007
20070202	2007-02-02	Friday    	200705	Week 5/2007 	200702	February  	2007
20070203	2007-02-03	Saturday  	200705	Week 5/2007 	200702	February  	2007
20070204	2007-02-04	Sunday    	200705	Week 5/2007 	200702	February  	2007
20070205	2007-02-05	Monday    	200706	Week 6/2007 	200702	February  	2007
20070206	2007-02-06	Tuesday   	200706	Week 6/2007 	200702	February  	2007
20070207	2007-02-07	Wednesday 	200706	Week 6/2007 	200702	February  	2007
20070208	2007-02-08	Thursday  	200706	Week 6/2007 	200702	February  	2007
20070209	2007-02-09	Friday    	200706	Week 6/2007 	200702	February  	2007
20070210	2007-02-10	Saturday  	200706	Week 6/2007 	200702	February  	2007
20070211	2007-02-11	Sunday    	200706	Week 6/2007 	200702	February  	2007
20070212	2007-02-12	Monday    	200707	Week 7/2007 	200702	February  	2007
20070213	2007-02-13	Tuesday   	200707	Week 7/2007 	200702	February  	2007
20070214	2007-02-14	Wednesday 	200707	Week 7/2007 	200702	February  	2007
20070215	2007-02-15	Thursday  	200707	Week 7/2007 	200702	February  	2007
20070216	2007-02-16	Friday    	200707	Week 7/2007 	200702	February  	2007
20070217	2007-02-17	Saturday  	200707	Week 7/2007 	200702	February  	2007
20070218	2007-02-18	Sunday    	200707	Week 7/2007 	200702	February  	2007
20070219	2007-02-19	Monday    	200708	Week 8/2007 	200702	February  	2007
20070220	2007-02-20	Tuesday   	200708	Week 8/2007 	200702	February  	2007
20070221	2007-02-21	Wednesday 	200708	Week 8/2007 	200702	February  	2007
20070222	2007-02-22	Thursday  	200708	Week 8/2007 	200702	February  	2007
20070223	2007-02-23	Friday    	200708	Week 8/2007 	200702	February  	2007
20070224	2007-02-24	Saturday  	200708	Week 8/2007 	200702	February  	2007
20070225	2007-02-25	Sunday    	200708	Week 8/2007 	200702	February  	2007
20070226	2007-02-26	Monday    	200709	Week 9/2007 	200702	February  	2007
20070227	2007-02-27	Tuesday   	200709	Week 9/2007 	200702	February  	2007
20070228	2007-02-28	Wednesday 	200709	Week 9/2007 	200702	February  	2007
20070301	2007-03-01	Thursday  	200709	Week 9/2007 	200703	March     	2007
20070302	2007-03-02	Friday    	200709	Week 9/2007 	200703	March     	2007
20070303	2007-03-03	Saturday  	200709	Week 9/2007 	200703	March     	2007
20070304	2007-03-04	Sunday    	200709	Week 9/2007 	200703	March     	2007
20070305	2007-03-05	Monday    	200710	Week 10/2007	200703	March     	2007
20070306	2007-03-06	Tuesday   	200710	Week 10/2007	200703	March     	2007
20070307	2007-03-07	Wednesday 	200710	Week 10/2007	200703	March     	2007
20070308	2007-03-08	Thursday  	200710	Week 10/2007	200703	March     	2007
20070309	2007-03-09	Friday    	200710	Week 10/2007	200703	March     	2007
20070310	2007-03-10	Saturday  	200710	Week 10/2007	200703	March     	2007
20070311	2007-03-11	Sunday    	200710	Week 10/2007	200703	March     	2007
20070312	2007-03-12	Monday    	200711	Week 11/2007	200703	March     	2007
20070313	2007-03-13	Tuesday   	200711	Week 11/2007	200703	March     	2007
20070314	2007-03-14	Wednesday 	200711	Week 11/2007	200703	March     	2007
20070315	2007-03-15	Thursday  	200711	Week 11/2007	200703	March     	2007
20070316	2007-03-16	Friday    	200711	Week 11/2007	200703	March     	2007
20070317	2007-03-17	Saturday  	200711	Week 11/2007	200703	March     	2007
20070318	2007-03-18	Sunday    	200711	Week 11/2007	200703	March     	2007
20070319	2007-03-19	Monday    	200712	Week 12/2007	200703	March     	2007
20070320	2007-03-20	Tuesday   	200712	Week 12/2007	200703	March     	2007
20070321	2007-03-21	Wednesday 	200712	Week 12/2007	200703	March     	2007
20070322	2007-03-22	Thursday  	200712	Week 12/2007	200703	March     	2007
20070323	2007-03-23	Friday    	200712	Week 12/2007	200703	March     	2007
20070324	2007-03-24	Saturday  	200712	Week 12/2007	200703	March     	2007
20070325	2007-03-25	Sunday    	200712	Week 12/2007	200703	March     	2007
20070326	2007-03-26	Monday    	200713	Week 13/2007	200703	March     	2007
20070327	2007-03-27	Tuesday   	200713	Week 13/2007	200703	March     	2007
20070328	2007-03-28	Wednesday 	200713	Week 13/2007	200703	March     	2007
20070329	2007-03-29	Thursday  	200713	Week 13/2007	200703	March     	2007
20070330	2007-03-30	Friday    	200713	Week 13/2007	200703	March     	2007
20070331	2007-03-31	Saturday  	200713	Week 13/2007	200703	March     	2007
20070401	2007-04-01	Sunday    	200713	Week 13/2007	200704	April     	2007
20070402	2007-04-02	Monday    	200714	Week 14/2007	200704	April     	2007
20070403	2007-04-03	Tuesday   	200714	Week 14/2007	200704	April     	2007
20070404	2007-04-04	Wednesday 	200714	Week 14/2007	200704	April     	2007
20070405	2007-04-05	Thursday  	200714	Week 14/2007	200704	April     	2007
20070406	2007-04-06	Friday    	200714	Week 14/2007	200704	April     	2007
20070407	2007-04-07	Saturday  	200714	Week 14/2007	200704	April     	2007
20070408	2007-04-08	Sunday    	200714	Week 14/2007	200704	April     	2007
20070409	2007-04-09	Monday    	200715	Week 15/2007	200704	April     	2007
20070410	2007-04-10	Tuesday   	200715	Week 15/2007	200704	April     	2007
20070411	2007-04-11	Wednesday 	200715	Week 15/2007	200704	April     	2007
20070412	2007-04-12	Thursday  	200715	Week 15/2007	200704	April     	2007
20070413	2007-04-13	Friday    	200715	Week 15/2007	200704	April     	2007
20070414	2007-04-14	Saturday  	200715	Week 15/2007	200704	April     	2007
20070415	2007-04-15	Sunday    	200715	Week 15/2007	200704	April     	2007
20070416	2007-04-16	Monday    	200716	Week 16/2007	200704	April     	2007
20070417	2007-04-17	Tuesday   	200716	Week 16/2007	200704	April     	2007
20070418	2007-04-18	Wednesday 	200716	Week 16/2007	200704	April     	2007
20070419	2007-04-19	Thursday  	200716	Week 16/2007	200704	April     	2007
20070420	2007-04-20	Friday    	200716	Week 16/2007	200704	April     	2007
20070421	2007-04-21	Saturday  	200716	Week 16/2007	200704	April     	2007
20070422	2007-04-22	Sunday    	200716	Week 16/2007	200704	April     	2007
20070423	2007-04-23	Monday    	200717	Week 17/2007	200704	April     	2007
20070424	2007-04-24	Tuesday   	200717	Week 17/2007	200704	April     	2007
20070425	2007-04-25	Wednesday 	200717	Week 17/2007	200704	April     	2007
20070426	2007-04-26	Thursday  	200717	Week 17/2007	200704	April     	2007
20070427	2007-04-27	Friday    	200717	Week 17/2007	200704	April     	2007
20070428	2007-04-28	Saturday  	200717	Week 17/2007	200704	April     	2007
20070429	2007-04-29	Sunday    	200717	Week 17/2007	200704	April     	2007
20070430	2007-04-30	Monday    	200718	Week 18/2007	200704	April     	2007
20070501	2007-05-01	Tuesday   	200718	Week 18/2007	200705	May       	2007
20070502	2007-05-02	Wednesday 	200718	Week 18/2007	200705	May       	2007
20070503	2007-05-03	Thursday  	200718	Week 18/2007	200705	May       	2007
20070504	2007-05-04	Friday    	200718	Week 18/2007	200705	May       	2007
20070505	2007-05-05	Saturday  	200718	Week 18/2007	200705	May       	2007
20070506	2007-05-06	Sunday    	200718	Week 18/2007	200705	May       	2007
20070507	2007-05-07	Monday    	200719	Week 19/2007	200705	May       	2007
20070508	2007-05-08	Tuesday   	200719	Week 19/2007	200705	May       	2007
20070509	2007-05-09	Wednesday 	200719	Week 19/2007	200705	May       	2007
20070510	2007-05-10	Thursday  	200719	Week 19/2007	200705	May       	2007
20070511	2007-05-11	Friday    	200719	Week 19/2007	200705	May       	2007
20070512	2007-05-12	Saturday  	200719	Week 19/2007	200705	May       	2007
20070513	2007-05-13	Sunday    	200719	Week 19/2007	200705	May       	2007
20070514	2007-05-14	Monday    	200720	Week 20/2007	200705	May       	2007
20070515	2007-05-15	Tuesday   	200720	Week 20/2007	200705	May       	2007
20070516	2007-05-16	Wednesday 	200720	Week 20/2007	200705	May       	2007
20070517	2007-05-17	Thursday  	200720	Week 20/2007	200705	May       	2007
20070518	2007-05-18	Friday    	200720	Week 20/2007	200705	May       	2007
20070519	2007-05-19	Saturday  	200720	Week 20/2007	200705	May       	2007
20070520	2007-05-20	Sunday    	200720	Week 20/2007	200705	May       	2007
20070521	2007-05-21	Monday    	200721	Week 21/2007	200705	May       	2007
20070522	2007-05-22	Tuesday   	200721	Week 21/2007	200705	May       	2007
20070523	2007-05-23	Wednesday 	200721	Week 21/2007	200705	May       	2007
20070524	2007-05-24	Thursday  	200721	Week 21/2007	200705	May       	2007
20070525	2007-05-25	Friday    	200721	Week 21/2007	200705	May       	2007
20070526	2007-05-26	Saturday  	200721	Week 21/2007	200705	May       	2007
20070527	2007-05-27	Sunday    	200721	Week 21/2007	200705	May       	2007
20070528	2007-05-28	Monday    	200722	Week 22/2007	200705	May       	2007
20070529	2007-05-29	Tuesday   	200722	Week 22/2007	200705	May       	2007
20070530	2007-05-30	Wednesday 	200722	Week 22/2007	200705	May       	2007
20070531	2007-05-31	Thursday  	200722	Week 22/2007	200705	May       	2007
20070601	2007-06-01	Friday    	200722	Week 22/2007	200706	June      	2007
20070602	2007-06-02	Saturday  	200722	Week 22/2007	200706	June      	2007
20070603	2007-06-03	Sunday    	200722	Week 22/2007	200706	June      	2007
20070604	2007-06-04	Monday    	200723	Week 23/2007	200706	June      	2007
20070605	2007-06-05	Tuesday   	200723	Week 23/2007	200706	June      	2007
20070606	2007-06-06	Wednesday 	200723	Week 23/2007	200706	June      	2007
20070607	2007-06-07	Thursday  	200723	Week 23/2007	200706	June      	2007
20070608	2007-06-08	Friday    	200723	Week 23/2007	200706	June      	2007
20070609	2007-06-09	Saturday  	200723	Week 23/2007	200706	June      	2007
20070610	2007-06-10	Sunday    	200723	Week 23/2007	200706	June      	2007
20070611	2007-06-11	Monday    	200724	Week 24/2007	200706	June      	2007
20070612	2007-06-12	Tuesday   	200724	Week 24/2007	200706	June      	2007
20070613	2007-06-13	Wednesday 	200724	Week 24/2007	200706	June      	2007
20070614	2007-06-14	Thursday  	200724	Week 24/2007	200706	June      	2007
20070615	2007-06-15	Friday    	200724	Week 24/2007	200706	June      	2007
20070616	2007-06-16	Saturday  	200724	Week 24/2007	200706	June      	2007
20070617	2007-06-17	Sunday    	200724	Week 24/2007	200706	June      	2007
20070618	2007-06-18	Monday    	200725	Week 25/2007	200706	June      	2007
20070619	2007-06-19	Tuesday   	200725	Week 25/2007	200706	June      	2007
20070620	2007-06-20	Wednesday 	200725	Week 25/2007	200706	June      	2007
20070621	2007-06-21	Thursday  	200725	Week 25/2007	200706	June      	2007
20070622	2007-06-22	Friday    	200725	Week 25/2007	200706	June      	2007
20070623	2007-06-23	Saturday  	200725	Week 25/2007	200706	June      	2007
20070624	2007-06-24	Sunday    	200725	Week 25/2007	200706	June      	2007
20070625	2007-06-25	Monday    	200726	Week 26/2007	200706	June      	2007
20070626	2007-06-26	Tuesday   	200726	Week 26/2007	200706	June      	2007
20070627	2007-06-27	Wednesday 	200726	Week 26/2007	200706	June      	2007
20070628	2007-06-28	Thursday  	200726	Week 26/2007	200706	June      	2007
20070629	2007-06-29	Friday    	200726	Week 26/2007	200706	June      	2007
20070630	2007-06-30	Saturday  	200726	Week 26/2007	200706	June      	2007
20070701	2007-07-01	Sunday    	200726	Week 26/2007	200707	July      	2007
20070702	2007-07-02	Monday    	200727	Week 27/2007	200707	July      	2007
20070703	2007-07-03	Tuesday   	200727	Week 27/2007	200707	July      	2007
20070704	2007-07-04	Wednesday 	200727	Week 27/2007	200707	July      	2007
20070705	2007-07-05	Thursday  	200727	Week 27/2007	200707	July      	2007
20070706	2007-07-06	Friday    	200727	Week 27/2007	200707	July      	2007
20070707	2007-07-07	Saturday  	200727	Week 27/2007	200707	July      	2007
20070708	2007-07-08	Sunday    	200727	Week 27/2007	200707	July      	2007
20070709	2007-07-09	Monday    	200728	Week 28/2007	200707	July      	2007
20070710	2007-07-10	Tuesday   	200728	Week 28/2007	200707	July      	2007
20070711	2007-07-11	Wednesday 	200728	Week 28/2007	200707	July      	2007
20070712	2007-07-12	Thursday  	200728	Week 28/2007	200707	July      	2007
20070713	2007-07-13	Friday    	200728	Week 28/2007	200707	July      	2007
20070714	2007-07-14	Saturday  	200728	Week 28/2007	200707	July      	2007
20070715	2007-07-15	Sunday    	200728	Week 28/2007	200707	July      	2007
20070716	2007-07-16	Monday    	200729	Week 29/2007	200707	July      	2007
20070717	2007-07-17	Tuesday   	200729	Week 29/2007	200707	July      	2007
20070718	2007-07-18	Wednesday 	200729	Week 29/2007	200707	July      	2007
20070719	2007-07-19	Thursday  	200729	Week 29/2007	200707	July      	2007
20070720	2007-07-20	Friday    	200729	Week 29/2007	200707	July      	2007
20070721	2007-07-21	Saturday  	200729	Week 29/2007	200707	July      	2007
20070722	2007-07-22	Sunday    	200729	Week 29/2007	200707	July      	2007
20070723	2007-07-23	Monday    	200730	Week 30/2007	200707	July      	2007
20070724	2007-07-24	Tuesday   	200730	Week 30/2007	200707	July      	2007
20070725	2007-07-25	Wednesday 	200730	Week 30/2007	200707	July      	2007
20070726	2007-07-26	Thursday  	200730	Week 30/2007	200707	July      	2007
20070727	2007-07-27	Friday    	200730	Week 30/2007	200707	July      	2007
20070728	2007-07-28	Saturday  	200730	Week 30/2007	200707	July      	2007
20070729	2007-07-29	Sunday    	200730	Week 30/2007	200707	July      	2007
20070730	2007-07-30	Monday    	200731	Week 31/2007	200707	July      	2007
20070731	2007-07-31	Tuesday   	200731	Week 31/2007	200707	July      	2007
20070801	2007-08-01	Wednesday 	200731	Week 31/2007	200708	August    	2007
20070802	2007-08-02	Thursday  	200731	Week 31/2007	200708	August    	2007
20070803	2007-08-03	Friday    	200731	Week 31/2007	200708	August    	2007
20070804	2007-08-04	Saturday  	200731	Week 31/2007	200708	August    	2007
20070805	2007-08-05	Sunday    	200731	Week 31/2007	200708	August    	2007
20070806	2007-08-06	Monday    	200732	Week 32/2007	200708	August    	2007
20070807	2007-08-07	Tuesday   	200732	Week 32/2007	200708	August    	2007
20070808	2007-08-08	Wednesday 	200732	Week 32/2007	200708	August    	2007
20070809	2007-08-09	Thursday  	200732	Week 32/2007	200708	August    	2007
20070810	2007-08-10	Friday    	200732	Week 32/2007	200708	August    	2007
20070811	2007-08-11	Saturday  	200732	Week 32/2007	200708	August    	2007
20070812	2007-08-12	Sunday    	200732	Week 32/2007	200708	August    	2007
20070813	2007-08-13	Monday    	200733	Week 33/2007	200708	August    	2007
20070814	2007-08-14	Tuesday   	200733	Week 33/2007	200708	August    	2007
20070815	2007-08-15	Wednesday 	200733	Week 33/2007	200708	August    	2007
20070816	2007-08-16	Thursday  	200733	Week 33/2007	200708	August    	2007
20070817	2007-08-17	Friday    	200733	Week 33/2007	200708	August    	2007
20070818	2007-08-18	Saturday  	200733	Week 33/2007	200708	August    	2007
20070819	2007-08-19	Sunday    	200733	Week 33/2007	200708	August    	2007
20070820	2007-08-20	Monday    	200734	Week 34/2007	200708	August    	2007
20070821	2007-08-21	Tuesday   	200734	Week 34/2007	200708	August    	2007
20070822	2007-08-22	Wednesday 	200734	Week 34/2007	200708	August    	2007
20070823	2007-08-23	Thursday  	200734	Week 34/2007	200708	August    	2007
20070824	2007-08-24	Friday    	200734	Week 34/2007	200708	August    	2007
20070825	2007-08-25	Saturday  	200734	Week 34/2007	200708	August    	2007
20070826	2007-08-26	Sunday    	200734	Week 34/2007	200708	August    	2007
20070827	2007-08-27	Monday    	200735	Week 35/2007	200708	August    	2007
20070828	2007-08-28	Tuesday   	200735	Week 35/2007	200708	August    	2007
20070829	2007-08-29	Wednesday 	200735	Week 35/2007	200708	August    	2007
20070830	2007-08-30	Thursday  	200735	Week 35/2007	200708	August    	2007
20070831	2007-08-31	Friday    	200735	Week 35/2007	200708	August    	2007
20070901	2007-09-01	Saturday  	200735	Week 35/2007	200709	September 	2007
20070902	2007-09-02	Sunday    	200735	Week 35/2007	200709	September 	2007
20070903	2007-09-03	Monday    	200736	Week 36/2007	200709	September 	2007
20070904	2007-09-04	Tuesday   	200736	Week 36/2007	200709	September 	2007
20070905	2007-09-05	Wednesday 	200736	Week 36/2007	200709	September 	2007
20070906	2007-09-06	Thursday  	200736	Week 36/2007	200709	September 	2007
20070907	2007-09-07	Friday    	200736	Week 36/2007	200709	September 	2007
20070908	2007-09-08	Saturday  	200736	Week 36/2007	200709	September 	2007
20070909	2007-09-09	Sunday    	200736	Week 36/2007	200709	September 	2007
20070910	2007-09-10	Monday    	200737	Week 37/2007	200709	September 	2007
20070911	2007-09-11	Tuesday   	200737	Week 37/2007	200709	September 	2007
20070912	2007-09-12	Wednesday 	200737	Week 37/2007	200709	September 	2007
20070913	2007-09-13	Thursday  	200737	Week 37/2007	200709	September 	2007
20070914	2007-09-14	Friday    	200737	Week 37/2007	200709	September 	2007
20070915	2007-09-15	Saturday  	200737	Week 37/2007	200709	September 	2007
20070916	2007-09-16	Sunday    	200737	Week 37/2007	200709	September 	2007
20070917	2007-09-17	Monday    	200738	Week 38/2007	200709	September 	2007
20070918	2007-09-18	Tuesday   	200738	Week 38/2007	200709	September 	2007
20070919	2007-09-19	Wednesday 	200738	Week 38/2007	200709	September 	2007
20070920	2007-09-20	Thursday  	200738	Week 38/2007	200709	September 	2007
20070921	2007-09-21	Friday    	200738	Week 38/2007	200709	September 	2007
20070922	2007-09-22	Saturday  	200738	Week 38/2007	200709	September 	2007
20070923	2007-09-23	Sunday    	200738	Week 38/2007	200709	September 	2007
20070924	2007-09-24	Monday    	200739	Week 39/2007	200709	September 	2007
20070925	2007-09-25	Tuesday   	200739	Week 39/2007	200709	September 	2007
20070926	2007-09-26	Wednesday 	200739	Week 39/2007	200709	September 	2007
20070927	2007-09-27	Thursday  	200739	Week 39/2007	200709	September 	2007
20070928	2007-09-28	Friday    	200739	Week 39/2007	200709	September 	2007
20070929	2007-09-29	Saturday  	200739	Week 39/2007	200709	September 	2007
20070930	2007-09-30	Sunday    	200739	Week 39/2007	200709	September 	2007
20071001	2007-10-01	Monday    	200740	Week 40/2007	200710	October   	2007
20071002	2007-10-02	Tuesday   	200740	Week 40/2007	200710	October   	2007
20071003	2007-10-03	Wednesday 	200740	Week 40/2007	200710	October   	2007
20071004	2007-10-04	Thursday  	200740	Week 40/2007	200710	October   	2007
20071005	2007-10-05	Friday    	200740	Week 40/2007	200710	October   	2007
20071006	2007-10-06	Saturday  	200740	Week 40/2007	200710	October   	2007
20071007	2007-10-07	Sunday    	200740	Week 40/2007	200710	October   	2007
20071008	2007-10-08	Monday    	200741	Week 41/2007	200710	October   	2007
20071009	2007-10-09	Tuesday   	200741	Week 41/2007	200710	October   	2007
20071010	2007-10-10	Wednesday 	200741	Week 41/2007	200710	October   	2007
20071011	2007-10-11	Thursday  	200741	Week 41/2007	200710	October   	2007
20071012	2007-10-12	Friday    	200741	Week 41/2007	200710	October   	2007
20071013	2007-10-13	Saturday  	200741	Week 41/2007	200710	October   	2007
20071014	2007-10-14	Sunday    	200741	Week 41/2007	200710	October   	2007
20071015	2007-10-15	Monday    	200742	Week 42/2007	200710	October   	2007
20071016	2007-10-16	Tuesday   	200742	Week 42/2007	200710	October   	2007
20071017	2007-10-17	Wednesday 	200742	Week 42/2007	200710	October   	2007
20071018	2007-10-18	Thursday  	200742	Week 42/2007	200710	October   	2007
20071019	2007-10-19	Friday    	200742	Week 42/2007	200710	October   	2007
20071020	2007-10-20	Saturday  	200742	Week 42/2007	200710	October   	2007
20071021	2007-10-21	Sunday    	200742	Week 42/2007	200710	October   	2007
20071022	2007-10-22	Monday    	200743	Week 43/2007	200710	October   	2007
20071023	2007-10-23	Tuesday   	200743	Week 43/2007	200710	October   	2007
20071024	2007-10-24	Wednesday 	200743	Week 43/2007	200710	October   	2007
20071025	2007-10-25	Thursday  	200743	Week 43/2007	200710	October   	2007
20071026	2007-10-26	Friday    	200743	Week 43/2007	200710	October   	2007
20071027	2007-10-27	Saturday  	200743	Week 43/2007	200710	October   	2007
20071028	2007-10-28	Sunday    	200743	Week 43/2007	200710	October   	2007
20071029	2007-10-29	Monday    	200744	Week 44/2007	200710	October   	2007
20071030	2007-10-30	Tuesday   	200744	Week 44/2007	200710	October   	2007
20071031	2007-10-31	Wednesday 	200744	Week 44/2007	200710	October   	2007
20071101	2007-11-01	Thursday  	200744	Week 44/2007	200711	November  	2007
20071102	2007-11-02	Friday    	200744	Week 44/2007	200711	November  	2007
20071103	2007-11-03	Saturday  	200744	Week 44/2007	200711	November  	2007
20071104	2007-11-04	Sunday    	200744	Week 44/2007	200711	November  	2007
20071105	2007-11-05	Monday    	200745	Week 45/2007	200711	November  	2007
20071106	2007-11-06	Tuesday   	200745	Week 45/2007	200711	November  	2007
20071107	2007-11-07	Wednesday 	200745	Week 45/2007	200711	November  	2007
20071108	2007-11-08	Thursday  	200745	Week 45/2007	200711	November  	2007
20071109	2007-11-09	Friday    	200745	Week 45/2007	200711	November  	2007
20071110	2007-11-10	Saturday  	200745	Week 45/2007	200711	November  	2007
20071111	2007-11-11	Sunday    	200745	Week 45/2007	200711	November  	2007
20071112	2007-11-12	Monday    	200746	Week 46/2007	200711	November  	2007
20071113	2007-11-13	Tuesday   	200746	Week 46/2007	200711	November  	2007
20071114	2007-11-14	Wednesday 	200746	Week 46/2007	200711	November  	2007
20071115	2007-11-15	Thursday  	200746	Week 46/2007	200711	November  	2007
20071116	2007-11-16	Friday    	200746	Week 46/2007	200711	November  	2007
20071117	2007-11-17	Saturday  	200746	Week 46/2007	200711	November  	2007
20071118	2007-11-18	Sunday    	200746	Week 46/2007	200711	November  	2007
20071119	2007-11-19	Monday    	200747	Week 47/2007	200711	November  	2007
20071120	2007-11-20	Tuesday   	200747	Week 47/2007	200711	November  	2007
20071121	2007-11-21	Wednesday 	200747	Week 47/2007	200711	November  	2007
20071122	2007-11-22	Thursday  	200747	Week 47/2007	200711	November  	2007
20071123	2007-11-23	Friday    	200747	Week 47/2007	200711	November  	2007
20071124	2007-11-24	Saturday  	200747	Week 47/2007	200711	November  	2007
20071125	2007-11-25	Sunday    	200747	Week 47/2007	200711	November  	2007
20071126	2007-11-26	Monday    	200748	Week 48/2007	200711	November  	2007
20071127	2007-11-27	Tuesday   	200748	Week 48/2007	200711	November  	2007
20071128	2007-11-28	Wednesday 	200748	Week 48/2007	200711	November  	2007
20071129	2007-11-29	Thursday  	200748	Week 48/2007	200711	November  	2007
20071130	2007-11-30	Friday    	200748	Week 48/2007	200711	November  	2007
20071201	2007-12-01	Saturday  	200748	Week 48/2007	200712	December  	2007
20071202	2007-12-02	Sunday    	200748	Week 48/2007	200712	December  	2007
20071203	2007-12-03	Monday    	200749	Week 49/2007	200712	December  	2007
20071204	2007-12-04	Tuesday   	200749	Week 49/2007	200712	December  	2007
20071205	2007-12-05	Wednesday 	200749	Week 49/2007	200712	December  	2007
20071206	2007-12-06	Thursday  	200749	Week 49/2007	200712	December  	2007
20071207	2007-12-07	Friday    	200749	Week 49/2007	200712	December  	2007
20071208	2007-12-08	Saturday  	200749	Week 49/2007	200712	December  	2007
20071209	2007-12-09	Sunday    	200749	Week 49/2007	200712	December  	2007
20071210	2007-12-10	Monday    	200750	Week 50/2007	200712	December  	2007
20071211	2007-12-11	Tuesday   	200750	Week 50/2007	200712	December  	2007
20071212	2007-12-12	Wednesday 	200750	Week 50/2007	200712	December  	2007
20071213	2007-12-13	Thursday  	200750	Week 50/2007	200712	December  	2007
20071214	2007-12-14	Friday    	200750	Week 50/2007	200712	December  	2007
20071215	2007-12-15	Saturday  	200750	Week 50/2007	200712	December  	2007
20071216	2007-12-16	Sunday    	200750	Week 50/2007	200712	December  	2007
20071217	2007-12-17	Monday    	200751	Week 51/2007	200712	December  	2007
20071218	2007-12-18	Tuesday   	200751	Week 51/2007	200712	December  	2007
20071219	2007-12-19	Wednesday 	200751	Week 51/2007	200712	December  	2007
20071220	2007-12-20	Thursday  	200751	Week 51/2007	200712	December  	2007
20071221	2007-12-21	Friday    	200751	Week 51/2007	200712	December  	2007
20071222	2007-12-22	Saturday  	200751	Week 51/2007	200712	December  	2007
20071223	2007-12-23	Sunday    	200751	Week 51/2007	200712	December  	2007
20071224	2007-12-24	Monday    	200752	Week 52/2007	200712	December  	2007
20071225	2007-12-25	Tuesday   	200752	Week 52/2007	200712	December  	2007
20071226	2007-12-26	Wednesday 	200752	Week 52/2007	200712	December  	2007
20071227	2007-12-27	Thursday  	200752	Week 52/2007	200712	December  	2007
20071228	2007-12-28	Friday    	200752	Week 52/2007	200712	December  	2007
20071229	2007-12-29	Saturday  	200752	Week 52/2007	200712	December  	2007
20071230	2007-12-30	Sunday    	200752	Week 52/2007	200712	December  	2007
20071231	2007-12-31	Monday    	200753	Week 53/2007	200712	December  	2007
20080101	2008-01-01	Tuesday   	200801	Week 1/2008 	200801	January   	2008
20080102	2008-01-02	Wednesday 	200801	Week 1/2008 	200801	January   	2008
20080103	2008-01-03	Thursday  	200801	Week 1/2008 	200801	January   	2008
20080104	2008-01-04	Friday    	200801	Week 1/2008 	200801	January   	2008
20080105	2008-01-05	Saturday  	200801	Week 1/2008 	200801	January   	2008
20080106	2008-01-06	Sunday    	200801	Week 1/2008 	200801	January   	2008
20080107	2008-01-07	Monday    	200802	Week 2/2008 	200801	January   	2008
20080108	2008-01-08	Tuesday   	200802	Week 2/2008 	200801	January   	2008
20080109	2008-01-09	Wednesday 	200802	Week 2/2008 	200801	January   	2008
20080110	2008-01-10	Thursday  	200802	Week 2/2008 	200801	January   	2008
20080111	2008-01-11	Friday    	200802	Week 2/2008 	200801	January   	2008
20080112	2008-01-12	Saturday  	200802	Week 2/2008 	200801	January   	2008
20080113	2008-01-13	Sunday    	200802	Week 2/2008 	200801	January   	2008
20080114	2008-01-14	Monday    	200803	Week 3/2008 	200801	January   	2008
20080115	2008-01-15	Tuesday   	200803	Week 3/2008 	200801	January   	2008
20080116	2008-01-16	Wednesday 	200803	Week 3/2008 	200801	January   	2008
20080117	2008-01-17	Thursday  	200803	Week 3/2008 	200801	January   	2008
20080118	2008-01-18	Friday    	200803	Week 3/2008 	200801	January   	2008
20080119	2008-01-19	Saturday  	200803	Week 3/2008 	200801	January   	2008
20080120	2008-01-20	Sunday    	200803	Week 3/2008 	200801	January   	2008
20080121	2008-01-21	Monday    	200804	Week 4/2008 	200801	January   	2008
20080122	2008-01-22	Tuesday   	200804	Week 4/2008 	200801	January   	2008
20080123	2008-01-23	Wednesday 	200804	Week 4/2008 	200801	January   	2008
20080124	2008-01-24	Thursday  	200804	Week 4/2008 	200801	January   	2008
20080125	2008-01-25	Friday    	200804	Week 4/2008 	200801	January   	2008
20080126	2008-01-26	Saturday  	200804	Week 4/2008 	200801	January   	2008
20080127	2008-01-27	Sunday    	200804	Week 4/2008 	200801	January   	2008
20080128	2008-01-28	Monday    	200805	Week 5/2008 	200801	January   	2008
20080129	2008-01-29	Tuesday   	200805	Week 5/2008 	200801	January   	2008
20080130	2008-01-30	Wednesday 	200805	Week 5/2008 	200801	January   	2008
20080131	2008-01-31	Thursday  	200805	Week 5/2008 	200801	January   	2008
20080201	2008-02-01	Friday    	200805	Week 5/2008 	200802	February  	2008
20080202	2008-02-02	Saturday  	200805	Week 5/2008 	200802	February  	2008
20080203	2008-02-03	Sunday    	200805	Week 5/2008 	200802	February  	2008
20080204	2008-02-04	Monday    	200806	Week 6/2008 	200802	February  	2008
20080205	2008-02-05	Tuesday   	200806	Week 6/2008 	200802	February  	2008
20080206	2008-02-06	Wednesday 	200806	Week 6/2008 	200802	February  	2008
20080207	2008-02-07	Thursday  	200806	Week 6/2008 	200802	February  	2008
20080208	2008-02-08	Friday    	200806	Week 6/2008 	200802	February  	2008
20080209	2008-02-09	Saturday  	200806	Week 6/2008 	200802	February  	2008
20080210	2008-02-10	Sunday    	200806	Week 6/2008 	200802	February  	2008
20080211	2008-02-11	Monday    	200807	Week 7/2008 	200802	February  	2008
20080212	2008-02-12	Tuesday   	200807	Week 7/2008 	200802	February  	2008
20080213	2008-02-13	Wednesday 	200807	Week 7/2008 	200802	February  	2008
20080214	2008-02-14	Thursday  	200807	Week 7/2008 	200802	February  	2008
20080215	2008-02-15	Friday    	200807	Week 7/2008 	200802	February  	2008
20080216	2008-02-16	Saturday  	200807	Week 7/2008 	200802	February  	2008
20080217	2008-02-17	Sunday    	200807	Week 7/2008 	200802	February  	2008
20080218	2008-02-18	Monday    	200808	Week 8/2008 	200802	February  	2008
20080219	2008-02-19	Tuesday   	200808	Week 8/2008 	200802	February  	2008
20080220	2008-02-20	Wednesday 	200808	Week 8/2008 	200802	February  	2008
20080221	2008-02-21	Thursday  	200808	Week 8/2008 	200802	February  	2008
20080222	2008-02-22	Friday    	200808	Week 8/2008 	200802	February  	2008
20080223	2008-02-23	Saturday  	200808	Week 8/2008 	200802	February  	2008
20080224	2008-02-24	Sunday    	200808	Week 8/2008 	200802	February  	2008
20080225	2008-02-25	Monday    	200809	Week 9/2008 	200802	February  	2008
20080226	2008-02-26	Tuesday   	200809	Week 9/2008 	200802	February  	2008
20080227	2008-02-27	Wednesday 	200809	Week 9/2008 	200802	February  	2008
20080228	2008-02-28	Thursday  	200809	Week 9/2008 	200802	February  	2008
20080229	2008-02-29	Friday    	200809	Week 9/2008 	200802	February  	2008
20080301	2008-03-01	Saturday  	200809	Week 9/2008 	200803	March     	2008
20080302	2008-03-02	Sunday    	200809	Week 9/2008 	200803	March     	2008
20080303	2008-03-03	Monday    	200810	Week 10/2008	200803	March     	2008
20080304	2008-03-04	Tuesday   	200810	Week 10/2008	200803	March     	2008
20080305	2008-03-05	Wednesday 	200810	Week 10/2008	200803	March     	2008
20080306	2008-03-06	Thursday  	200810	Week 10/2008	200803	March     	2008
20080307	2008-03-07	Friday    	200810	Week 10/2008	200803	March     	2008
20080308	2008-03-08	Saturday  	200810	Week 10/2008	200803	March     	2008
20080309	2008-03-09	Sunday    	200810	Week 10/2008	200803	March     	2008
20080310	2008-03-10	Monday    	200811	Week 11/2008	200803	March     	2008
20080311	2008-03-11	Tuesday   	200811	Week 11/2008	200803	March     	2008
20080312	2008-03-12	Wednesday 	200811	Week 11/2008	200803	March     	2008
20080313	2008-03-13	Thursday  	200811	Week 11/2008	200803	March     	2008
20080314	2008-03-14	Friday    	200811	Week 11/2008	200803	March     	2008
20080315	2008-03-15	Saturday  	200811	Week 11/2008	200803	March     	2008
20080316	2008-03-16	Sunday    	200811	Week 11/2008	200803	March     	2008
20080317	2008-03-17	Monday    	200812	Week 12/2008	200803	March     	2008
20080318	2008-03-18	Tuesday   	200812	Week 12/2008	200803	March     	2008
20080319	2008-03-19	Wednesday 	200812	Week 12/2008	200803	March     	2008
20080320	2008-03-20	Thursday  	200812	Week 12/2008	200803	March     	2008
20080321	2008-03-21	Friday    	200812	Week 12/2008	200803	March     	2008
20080322	2008-03-22	Saturday  	200812	Week 12/2008	200803	March     	2008
20080323	2008-03-23	Sunday    	200812	Week 12/2008	200803	March     	2008
20080324	2008-03-24	Monday    	200813	Week 13/2008	200803	March     	2008
20080325	2008-03-25	Tuesday   	200813	Week 13/2008	200803	March     	2008
20080326	2008-03-26	Wednesday 	200813	Week 13/2008	200803	March     	2008
20080327	2008-03-27	Thursday  	200813	Week 13/2008	200803	March     	2008
20080328	2008-03-28	Friday    	200813	Week 13/2008	200803	March     	2008
20080329	2008-03-29	Saturday  	200813	Week 13/2008	200803	March     	2008
20080330	2008-03-30	Sunday    	200813	Week 13/2008	200803	March     	2008
20080331	2008-03-31	Monday    	200814	Week 14/2008	200803	March     	2008
20080401	2008-04-01	Tuesday   	200814	Week 14/2008	200804	April     	2008
20080402	2008-04-02	Wednesday 	200814	Week 14/2008	200804	April     	2008
20080403	2008-04-03	Thursday  	200814	Week 14/2008	200804	April     	2008
20080404	2008-04-04	Friday    	200814	Week 14/2008	200804	April     	2008
20080405	2008-04-05	Saturday  	200814	Week 14/2008	200804	April     	2008
20080406	2008-04-06	Sunday    	200814	Week 14/2008	200804	April     	2008
20080407	2008-04-07	Monday    	200815	Week 15/2008	200804	April     	2008
20080408	2008-04-08	Tuesday   	200815	Week 15/2008	200804	April     	2008
20080409	2008-04-09	Wednesday 	200815	Week 15/2008	200804	April     	2008
20080410	2008-04-10	Thursday  	200815	Week 15/2008	200804	April     	2008
20080411	2008-04-11	Friday    	200815	Week 15/2008	200804	April     	2008
20080412	2008-04-12	Saturday  	200815	Week 15/2008	200804	April     	2008
20080413	2008-04-13	Sunday    	200815	Week 15/2008	200804	April     	2008
20080414	2008-04-14	Monday    	200816	Week 16/2008	200804	April     	2008
20080415	2008-04-15	Tuesday   	200816	Week 16/2008	200804	April     	2008
20080416	2008-04-16	Wednesday 	200816	Week 16/2008	200804	April     	2008
20080417	2008-04-17	Thursday  	200816	Week 16/2008	200804	April     	2008
20080418	2008-04-18	Friday    	200816	Week 16/2008	200804	April     	2008
20080419	2008-04-19	Saturday  	200816	Week 16/2008	200804	April     	2008
20080420	2008-04-20	Sunday    	200816	Week 16/2008	200804	April     	2008
20080421	2008-04-21	Monday    	200817	Week 17/2008	200804	April     	2008
20080422	2008-04-22	Tuesday   	200817	Week 17/2008	200804	April     	2008
20080423	2008-04-23	Wednesday 	200817	Week 17/2008	200804	April     	2008
20080424	2008-04-24	Thursday  	200817	Week 17/2008	200804	April     	2008
20080425	2008-04-25	Friday    	200817	Week 17/2008	200804	April     	2008
20080426	2008-04-26	Saturday  	200817	Week 17/2008	200804	April     	2008
20080427	2008-04-27	Sunday    	200817	Week 17/2008	200804	April     	2008
20080428	2008-04-28	Monday    	200818	Week 18/2008	200804	April     	2008
20080429	2008-04-29	Tuesday   	200818	Week 18/2008	200804	April     	2008
20080430	2008-04-30	Wednesday 	200818	Week 18/2008	200804	April     	2008
20080501	2008-05-01	Thursday  	200818	Week 18/2008	200805	May       	2008
20080502	2008-05-02	Friday    	200818	Week 18/2008	200805	May       	2008
20080503	2008-05-03	Saturday  	200818	Week 18/2008	200805	May       	2008
20080504	2008-05-04	Sunday    	200818	Week 18/2008	200805	May       	2008
20080505	2008-05-05	Monday    	200819	Week 19/2008	200805	May       	2008
20080506	2008-05-06	Tuesday   	200819	Week 19/2008	200805	May       	2008
20080507	2008-05-07	Wednesday 	200819	Week 19/2008	200805	May       	2008
20080508	2008-05-08	Thursday  	200819	Week 19/2008	200805	May       	2008
20080509	2008-05-09	Friday    	200819	Week 19/2008	200805	May       	2008
20080510	2008-05-10	Saturday  	200819	Week 19/2008	200805	May       	2008
20080511	2008-05-11	Sunday    	200819	Week 19/2008	200805	May       	2008
20080512	2008-05-12	Monday    	200820	Week 20/2008	200805	May       	2008
20080513	2008-05-13	Tuesday   	200820	Week 20/2008	200805	May       	2008
20080514	2008-05-14	Wednesday 	200820	Week 20/2008	200805	May       	2008
20080515	2008-05-15	Thursday  	200820	Week 20/2008	200805	May       	2008
20080516	2008-05-16	Friday    	200820	Week 20/2008	200805	May       	2008
20080517	2008-05-17	Saturday  	200820	Week 20/2008	200805	May       	2008
20080518	2008-05-18	Sunday    	200820	Week 20/2008	200805	May       	2008
20080519	2008-05-19	Monday    	200821	Week 21/2008	200805	May       	2008
20080520	2008-05-20	Tuesday   	200821	Week 21/2008	200805	May       	2008
20080521	2008-05-21	Wednesday 	200821	Week 21/2008	200805	May       	2008
20080522	2008-05-22	Thursday  	200821	Week 21/2008	200805	May       	2008
20080523	2008-05-23	Friday    	200821	Week 21/2008	200805	May       	2008
20080524	2008-05-24	Saturday  	200821	Week 21/2008	200805	May       	2008
20080525	2008-05-25	Sunday    	200821	Week 21/2008	200805	May       	2008
20080526	2008-05-26	Monday    	200822	Week 22/2008	200805	May       	2008
20080527	2008-05-27	Tuesday   	200822	Week 22/2008	200805	May       	2008
20080528	2008-05-28	Wednesday 	200822	Week 22/2008	200805	May       	2008
20080529	2008-05-29	Thursday  	200822	Week 22/2008	200805	May       	2008
20080530	2008-05-30	Friday    	200822	Week 22/2008	200805	May       	2008
20080531	2008-05-31	Saturday  	200822	Week 22/2008	200805	May       	2008
20080601	2008-06-01	Sunday    	200822	Week 22/2008	200806	June      	2008
20080602	2008-06-02	Monday    	200823	Week 23/2008	200806	June      	2008
20080603	2008-06-03	Tuesday   	200823	Week 23/2008	200806	June      	2008
20080604	2008-06-04	Wednesday 	200823	Week 23/2008	200806	June      	2008
20080605	2008-06-05	Thursday  	200823	Week 23/2008	200806	June      	2008
20080606	2008-06-06	Friday    	200823	Week 23/2008	200806	June      	2008
20080607	2008-06-07	Saturday  	200823	Week 23/2008	200806	June      	2008
20080608	2008-06-08	Sunday    	200823	Week 23/2008	200806	June      	2008
20080609	2008-06-09	Monday    	200824	Week 24/2008	200806	June      	2008
20080610	2008-06-10	Tuesday   	200824	Week 24/2008	200806	June      	2008
20080611	2008-06-11	Wednesday 	200824	Week 24/2008	200806	June      	2008
20080612	2008-06-12	Thursday  	200824	Week 24/2008	200806	June      	2008
20080613	2008-06-13	Friday    	200824	Week 24/2008	200806	June      	2008
20080614	2008-06-14	Saturday  	200824	Week 24/2008	200806	June      	2008
20080615	2008-06-15	Sunday    	200824	Week 24/2008	200806	June      	2008
20080616	2008-06-16	Monday    	200825	Week 25/2008	200806	June      	2008
20080617	2008-06-17	Tuesday   	200825	Week 25/2008	200806	June      	2008
20080618	2008-06-18	Wednesday 	200825	Week 25/2008	200806	June      	2008
20080619	2008-06-19	Thursday  	200825	Week 25/2008	200806	June      	2008
20080620	2008-06-20	Friday    	200825	Week 25/2008	200806	June      	2008
20080621	2008-06-21	Saturday  	200825	Week 25/2008	200806	June      	2008
20080622	2008-06-22	Sunday    	200825	Week 25/2008	200806	June      	2008
20080623	2008-06-23	Monday    	200826	Week 26/2008	200806	June      	2008
20080624	2008-06-24	Tuesday   	200826	Week 26/2008	200806	June      	2008
20080625	2008-06-25	Wednesday 	200826	Week 26/2008	200806	June      	2008
20080626	2008-06-26	Thursday  	200826	Week 26/2008	200806	June      	2008
20080627	2008-06-27	Friday    	200826	Week 26/2008	200806	June      	2008
20080628	2008-06-28	Saturday  	200826	Week 26/2008	200806	June      	2008
20080629	2008-06-29	Sunday    	200826	Week 26/2008	200806	June      	2008
20080630	2008-06-30	Monday    	200827	Week 27/2008	200806	June      	2008
20080701	2008-07-01	Tuesday   	200827	Week 27/2008	200807	July      	2008
20080702	2008-07-02	Wednesday 	200827	Week 27/2008	200807	July      	2008
20080703	2008-07-03	Thursday  	200827	Week 27/2008	200807	July      	2008
20080704	2008-07-04	Friday    	200827	Week 27/2008	200807	July      	2008
20080705	2008-07-05	Saturday  	200827	Week 27/2008	200807	July      	2008
20080706	2008-07-06	Sunday    	200827	Week 27/2008	200807	July      	2008
20080707	2008-07-07	Monday    	200828	Week 28/2008	200807	July      	2008
20080708	2008-07-08	Tuesday   	200828	Week 28/2008	200807	July      	2008
20080709	2008-07-09	Wednesday 	200828	Week 28/2008	200807	July      	2008
20080710	2008-07-10	Thursday  	200828	Week 28/2008	200807	July      	2008
20080711	2008-07-11	Friday    	200828	Week 28/2008	200807	July      	2008
20080712	2008-07-12	Saturday  	200828	Week 28/2008	200807	July      	2008
20080713	2008-07-13	Sunday    	200828	Week 28/2008	200807	July      	2008
20080714	2008-07-14	Monday    	200829	Week 29/2008	200807	July      	2008
20080715	2008-07-15	Tuesday   	200829	Week 29/2008	200807	July      	2008
20080716	2008-07-16	Wednesday 	200829	Week 29/2008	200807	July      	2008
20080717	2008-07-17	Thursday  	200829	Week 29/2008	200807	July      	2008
20080718	2008-07-18	Friday    	200829	Week 29/2008	200807	July      	2008
20080719	2008-07-19	Saturday  	200829	Week 29/2008	200807	July      	2008
20080720	2008-07-20	Sunday    	200829	Week 29/2008	200807	July      	2008
20080721	2008-07-21	Monday    	200830	Week 30/2008	200807	July      	2008
20080722	2008-07-22	Tuesday   	200830	Week 30/2008	200807	July      	2008
20080723	2008-07-23	Wednesday 	200830	Week 30/2008	200807	July      	2008
20080724	2008-07-24	Thursday  	200830	Week 30/2008	200807	July      	2008
20080725	2008-07-25	Friday    	200830	Week 30/2008	200807	July      	2008
20080726	2008-07-26	Saturday  	200830	Week 30/2008	200807	July      	2008
20080727	2008-07-27	Sunday    	200830	Week 30/2008	200807	July      	2008
20080728	2008-07-28	Monday    	200831	Week 31/2008	200807	July      	2008
20080729	2008-07-29	Tuesday   	200831	Week 31/2008	200807	July      	2008
20080730	2008-07-30	Wednesday 	200831	Week 31/2008	200807	July      	2008
20080731	2008-07-31	Thursday  	200831	Week 31/2008	200807	July      	2008
20080801	2008-08-01	Friday    	200831	Week 31/2008	200808	August    	2008
20080802	2008-08-02	Saturday  	200831	Week 31/2008	200808	August    	2008
20080803	2008-08-03	Sunday    	200831	Week 31/2008	200808	August    	2008
20080804	2008-08-04	Monday    	200832	Week 32/2008	200808	August    	2008
20080805	2008-08-05	Tuesday   	200832	Week 32/2008	200808	August    	2008
20080806	2008-08-06	Wednesday 	200832	Week 32/2008	200808	August    	2008
20080807	2008-08-07	Thursday  	200832	Week 32/2008	200808	August    	2008
20080808	2008-08-08	Friday    	200832	Week 32/2008	200808	August    	2008
20080809	2008-08-09	Saturday  	200832	Week 32/2008	200808	August    	2008
20080810	2008-08-10	Sunday    	200832	Week 32/2008	200808	August    	2008
20080811	2008-08-11	Monday    	200833	Week 33/2008	200808	August    	2008
20080812	2008-08-12	Tuesday   	200833	Week 33/2008	200808	August    	2008
20080813	2008-08-13	Wednesday 	200833	Week 33/2008	200808	August    	2008
20080814	2008-08-14	Thursday  	200833	Week 33/2008	200808	August    	2008
20080815	2008-08-15	Friday    	200833	Week 33/2008	200808	August    	2008
20080816	2008-08-16	Saturday  	200833	Week 33/2008	200808	August    	2008
20080817	2008-08-17	Sunday    	200833	Week 33/2008	200808	August    	2008
20080818	2008-08-18	Monday    	200834	Week 34/2008	200808	August    	2008
20080819	2008-08-19	Tuesday   	200834	Week 34/2008	200808	August    	2008
20080820	2008-08-20	Wednesday 	200834	Week 34/2008	200808	August    	2008
20080821	2008-08-21	Thursday  	200834	Week 34/2008	200808	August    	2008
20080822	2008-08-22	Friday    	200834	Week 34/2008	200808	August    	2008
20080823	2008-08-23	Saturday  	200834	Week 34/2008	200808	August    	2008
20080824	2008-08-24	Sunday    	200834	Week 34/2008	200808	August    	2008
20080825	2008-08-25	Monday    	200835	Week 35/2008	200808	August    	2008
20080826	2008-08-26	Tuesday   	200835	Week 35/2008	200808	August    	2008
20080827	2008-08-27	Wednesday 	200835	Week 35/2008	200808	August    	2008
20080828	2008-08-28	Thursday  	200835	Week 35/2008	200808	August    	2008
20080829	2008-08-29	Friday    	200835	Week 35/2008	200808	August    	2008
20080830	2008-08-30	Saturday  	200835	Week 35/2008	200808	August    	2008
20080831	2008-08-31	Sunday    	200835	Week 35/2008	200808	August    	2008
20080901	2008-09-01	Monday    	200836	Week 36/2008	200809	September 	2008
20080902	2008-09-02	Tuesday   	200836	Week 36/2008	200809	September 	2008
20080903	2008-09-03	Wednesday 	200836	Week 36/2008	200809	September 	2008
20080904	2008-09-04	Thursday  	200836	Week 36/2008	200809	September 	2008
20080905	2008-09-05	Friday    	200836	Week 36/2008	200809	September 	2008
20080906	2008-09-06	Saturday  	200836	Week 36/2008	200809	September 	2008
20080907	2008-09-07	Sunday    	200836	Week 36/2008	200809	September 	2008
20080908	2008-09-08	Monday    	200837	Week 37/2008	200809	September 	2008
20080909	2008-09-09	Tuesday   	200837	Week 37/2008	200809	September 	2008
20080910	2008-09-10	Wednesday 	200837	Week 37/2008	200809	September 	2008
20080911	2008-09-11	Thursday  	200837	Week 37/2008	200809	September 	2008
20080912	2008-09-12	Friday    	200837	Week 37/2008	200809	September 	2008
20080913	2008-09-13	Saturday  	200837	Week 37/2008	200809	September 	2008
20080914	2008-09-14	Sunday    	200837	Week 37/2008	200809	September 	2008
20080915	2008-09-15	Monday    	200838	Week 38/2008	200809	September 	2008
20080916	2008-09-16	Tuesday   	200838	Week 38/2008	200809	September 	2008
20080917	2008-09-17	Wednesday 	200838	Week 38/2008	200809	September 	2008
20080918	2008-09-18	Thursday  	200838	Week 38/2008	200809	September 	2008
20080919	2008-09-19	Friday    	200838	Week 38/2008	200809	September 	2008
20080920	2008-09-20	Saturday  	200838	Week 38/2008	200809	September 	2008
20080921	2008-09-21	Sunday    	200838	Week 38/2008	200809	September 	2008
20080922	2008-09-22	Monday    	200839	Week 39/2008	200809	September 	2008
20080923	2008-09-23	Tuesday   	200839	Week 39/2008	200809	September 	2008
20080924	2008-09-24	Wednesday 	200839	Week 39/2008	200809	September 	2008
20080925	2008-09-25	Thursday  	200839	Week 39/2008	200809	September 	2008
20080926	2008-09-26	Friday    	200839	Week 39/2008	200809	September 	2008
20080927	2008-09-27	Saturday  	200839	Week 39/2008	200809	September 	2008
20080928	2008-09-28	Sunday    	200839	Week 39/2008	200809	September 	2008
20080929	2008-09-29	Monday    	200840	Week 40/2008	200809	September 	2008
20080930	2008-09-30	Tuesday   	200840	Week 40/2008	200809	September 	2008
20081001	2008-10-01	Wednesday 	200840	Week 40/2008	200810	October   	2008
20081002	2008-10-02	Thursday  	200840	Week 40/2008	200810	October   	2008
20081003	2008-10-03	Friday    	200840	Week 40/2008	200810	October   	2008
20081004	2008-10-04	Saturday  	200840	Week 40/2008	200810	October   	2008
20081005	2008-10-05	Sunday    	200840	Week 40/2008	200810	October   	2008
20081006	2008-10-06	Monday    	200841	Week 41/2008	200810	October   	2008
20081007	2008-10-07	Tuesday   	200841	Week 41/2008	200810	October   	2008
20081008	2008-10-08	Wednesday 	200841	Week 41/2008	200810	October   	2008
20081009	2008-10-09	Thursday  	200841	Week 41/2008	200810	October   	2008
20081010	2008-10-10	Friday    	200841	Week 41/2008	200810	October   	2008
20081011	2008-10-11	Saturday  	200841	Week 41/2008	200810	October   	2008
20081012	2008-10-12	Sunday    	200841	Week 41/2008	200810	October   	2008
20081013	2008-10-13	Monday    	200842	Week 42/2008	200810	October   	2008
20081014	2008-10-14	Tuesday   	200842	Week 42/2008	200810	October   	2008
20081015	2008-10-15	Wednesday 	200842	Week 42/2008	200810	October   	2008
20081016	2008-10-16	Thursday  	200842	Week 42/2008	200810	October   	2008
20081017	2008-10-17	Friday    	200842	Week 42/2008	200810	October   	2008
20081018	2008-10-18	Saturday  	200842	Week 42/2008	200810	October   	2008
20081019	2008-10-19	Sunday    	200842	Week 42/2008	200810	October   	2008
20081020	2008-10-20	Monday    	200843	Week 43/2008	200810	October   	2008
20081021	2008-10-21	Tuesday   	200843	Week 43/2008	200810	October   	2008
20081022	2008-10-22	Wednesday 	200843	Week 43/2008	200810	October   	2008
20081023	2008-10-23	Thursday  	200843	Week 43/2008	200810	October   	2008
20081024	2008-10-24	Friday    	200843	Week 43/2008	200810	October   	2008
20081025	2008-10-25	Saturday  	200843	Week 43/2008	200810	October   	2008
20081026	2008-10-26	Sunday    	200843	Week 43/2008	200810	October   	2008
20081027	2008-10-27	Monday    	200844	Week 44/2008	200810	October   	2008
20081028	2008-10-28	Tuesday   	200844	Week 44/2008	200810	October   	2008
20081029	2008-10-29	Wednesday 	200844	Week 44/2008	200810	October   	2008
20081030	2008-10-30	Thursday  	200844	Week 44/2008	200810	October   	2008
20081031	2008-10-31	Friday    	200844	Week 44/2008	200810	October   	2008
20081101	2008-11-01	Saturday  	200844	Week 44/2008	200811	November  	2008
20081102	2008-11-02	Sunday    	200844	Week 44/2008	200811	November  	2008
20081103	2008-11-03	Monday    	200845	Week 45/2008	200811	November  	2008
20081104	2008-11-04	Tuesday   	200845	Week 45/2008	200811	November  	2008
20081105	2008-11-05	Wednesday 	200845	Week 45/2008	200811	November  	2008
20081106	2008-11-06	Thursday  	200845	Week 45/2008	200811	November  	2008
20081107	2008-11-07	Friday    	200845	Week 45/2008	200811	November  	2008
20081108	2008-11-08	Saturday  	200845	Week 45/2008	200811	November  	2008
20081109	2008-11-09	Sunday    	200845	Week 45/2008	200811	November  	2008
20081110	2008-11-10	Monday    	200846	Week 46/2008	200811	November  	2008
20081111	2008-11-11	Tuesday   	200846	Week 46/2008	200811	November  	2008
20081112	2008-11-12	Wednesday 	200846	Week 46/2008	200811	November  	2008
20081113	2008-11-13	Thursday  	200846	Week 46/2008	200811	November  	2008
20081114	2008-11-14	Friday    	200846	Week 46/2008	200811	November  	2008
20081115	2008-11-15	Saturday  	200846	Week 46/2008	200811	November  	2008
20081116	2008-11-16	Sunday    	200846	Week 46/2008	200811	November  	2008
20081117	2008-11-17	Monday    	200847	Week 47/2008	200811	November  	2008
20081118	2008-11-18	Tuesday   	200847	Week 47/2008	200811	November  	2008
20081119	2008-11-19	Wednesday 	200847	Week 47/2008	200811	November  	2008
20081120	2008-11-20	Thursday  	200847	Week 47/2008	200811	November  	2008
20081121	2008-11-21	Friday    	200847	Week 47/2008	200811	November  	2008
20081122	2008-11-22	Saturday  	200847	Week 47/2008	200811	November  	2008
20081123	2008-11-23	Sunday    	200847	Week 47/2008	200811	November  	2008
20081124	2008-11-24	Monday    	200848	Week 48/2008	200811	November  	2008
20081125	2008-11-25	Tuesday   	200848	Week 48/2008	200811	November  	2008
20081126	2008-11-26	Wednesday 	200848	Week 48/2008	200811	November  	2008
20081127	2008-11-27	Thursday  	200848	Week 48/2008	200811	November  	2008
20081128	2008-11-28	Friday    	200848	Week 48/2008	200811	November  	2008
20081129	2008-11-29	Saturday  	200848	Week 48/2008	200811	November  	2008
20081130	2008-11-30	Sunday    	200848	Week 48/2008	200811	November  	2008
20081201	2008-12-01	Monday    	200849	Week 49/2008	200812	December  	2008
20081202	2008-12-02	Tuesday   	200849	Week 49/2008	200812	December  	2008
20081203	2008-12-03	Wednesday 	200849	Week 49/2008	200812	December  	2008
20081204	2008-12-04	Thursday  	200849	Week 49/2008	200812	December  	2008
20081205	2008-12-05	Friday    	200849	Week 49/2008	200812	December  	2008
20081206	2008-12-06	Saturday  	200849	Week 49/2008	200812	December  	2008
20081207	2008-12-07	Sunday    	200849	Week 49/2008	200812	December  	2008
20081208	2008-12-08	Monday    	200850	Week 50/2008	200812	December  	2008
20081209	2008-12-09	Tuesday   	200850	Week 50/2008	200812	December  	2008
20081210	2008-12-10	Wednesday 	200850	Week 50/2008	200812	December  	2008
20081211	2008-12-11	Thursday  	200850	Week 50/2008	200812	December  	2008
20081212	2008-12-12	Friday    	200850	Week 50/2008	200812	December  	2008
20081213	2008-12-13	Saturday  	200850	Week 50/2008	200812	December  	2008
20081214	2008-12-14	Sunday    	200850	Week 50/2008	200812	December  	2008
20081215	2008-12-15	Monday    	200851	Week 51/2008	200812	December  	2008
20081216	2008-12-16	Tuesday   	200851	Week 51/2008	200812	December  	2008
20081217	2008-12-17	Wednesday 	200851	Week 51/2008	200812	December  	2008
20081218	2008-12-18	Thursday  	200851	Week 51/2008	200812	December  	2008
20081219	2008-12-19	Friday    	200851	Week 51/2008	200812	December  	2008
20081220	2008-12-20	Saturday  	200851	Week 51/2008	200812	December  	2008
20081221	2008-12-21	Sunday    	200851	Week 51/2008	200812	December  	2008
20081222	2008-12-22	Monday    	200852	Week 52/2008	200812	December  	2008
20081223	2008-12-23	Tuesday   	200852	Week 52/2008	200812	December  	2008
20081224	2008-12-24	Wednesday 	200852	Week 52/2008	200812	December  	2008
20081225	2008-12-25	Thursday  	200852	Week 52/2008	200812	December  	2008
20081226	2008-12-26	Friday    	200852	Week 52/2008	200812	December  	2008
20081227	2008-12-27	Saturday  	200852	Week 52/2008	200812	December  	2008
20081228	2008-12-28	Sunday    	200852	Week 52/2008	200812	December  	2008
20081229	2008-12-29	Monday    	200853	Week 53/2008	200812	December  	2008
20081230	2008-12-30	Tuesday   	200853	Week 53/2008	200812	December  	2008
20081231	2008-12-31	Wednesday 	200853	Week 53/2008	200812	December  	2008
20090101	2009-01-01	Thursday  	200901	Week 1/2009 	200901	January   	2009
20090102	2009-01-02	Friday    	200901	Week 1/2009 	200901	January   	2009
20090103	2009-01-03	Saturday  	200901	Week 1/2009 	200901	January   	2009
20090104	2009-01-04	Sunday    	200901	Week 1/2009 	200901	January   	2009
20090105	2009-01-05	Monday    	200902	Week 2/2009 	200901	January   	2009
20090106	2009-01-06	Tuesday   	200902	Week 2/2009 	200901	January   	2009
20090107	2009-01-07	Wednesday 	200902	Week 2/2009 	200901	January   	2009
20090108	2009-01-08	Thursday  	200902	Week 2/2009 	200901	January   	2009
20090109	2009-01-09	Friday    	200902	Week 2/2009 	200901	January   	2009
20090110	2009-01-10	Saturday  	200902	Week 2/2009 	200901	January   	2009
20090111	2009-01-11	Sunday    	200902	Week 2/2009 	200901	January   	2009
20090112	2009-01-12	Monday    	200903	Week 3/2009 	200901	January   	2009
20090113	2009-01-13	Tuesday   	200903	Week 3/2009 	200901	January   	2009
20090114	2009-01-14	Wednesday 	200903	Week 3/2009 	200901	January   	2009
20090115	2009-01-15	Thursday  	200903	Week 3/2009 	200901	January   	2009
20090116	2009-01-16	Friday    	200903	Week 3/2009 	200901	January   	2009
20090117	2009-01-17	Saturday  	200903	Week 3/2009 	200901	January   	2009
20090118	2009-01-18	Sunday    	200903	Week 3/2009 	200901	January   	2009
20090119	2009-01-19	Monday    	200904	Week 4/2009 	200901	January   	2009
20090120	2009-01-20	Tuesday   	200904	Week 4/2009 	200901	January   	2009
20090121	2009-01-21	Wednesday 	200904	Week 4/2009 	200901	January   	2009
20090122	2009-01-22	Thursday  	200904	Week 4/2009 	200901	January   	2009
20090123	2009-01-23	Friday    	200904	Week 4/2009 	200901	January   	2009
20090124	2009-01-24	Saturday  	200904	Week 4/2009 	200901	January   	2009
20090125	2009-01-25	Sunday    	200904	Week 4/2009 	200901	January   	2009
20090126	2009-01-26	Monday    	200905	Week 5/2009 	200901	January   	2009
20090127	2009-01-27	Tuesday   	200905	Week 5/2009 	200901	January   	2009
20090128	2009-01-28	Wednesday 	200905	Week 5/2009 	200901	January   	2009
20090129	2009-01-29	Thursday  	200905	Week 5/2009 	200901	January   	2009
20090130	2009-01-30	Friday    	200905	Week 5/2009 	200901	January   	2009
20090131	2009-01-31	Saturday  	200905	Week 5/2009 	200901	January   	2009
20090201	2009-02-01	Sunday    	200905	Week 5/2009 	200902	February  	2009
20090202	2009-02-02	Monday    	200906	Week 6/2009 	200902	February  	2009
20090203	2009-02-03	Tuesday   	200906	Week 6/2009 	200902	February  	2009
20090204	2009-02-04	Wednesday 	200906	Week 6/2009 	200902	February  	2009
20090205	2009-02-05	Thursday  	200906	Week 6/2009 	200902	February  	2009
20090206	2009-02-06	Friday    	200906	Week 6/2009 	200902	February  	2009
20090207	2009-02-07	Saturday  	200906	Week 6/2009 	200902	February  	2009
20090208	2009-02-08	Sunday    	200906	Week 6/2009 	200902	February  	2009
20090209	2009-02-09	Monday    	200907	Week 7/2009 	200902	February  	2009
20090210	2009-02-10	Tuesday   	200907	Week 7/2009 	200902	February  	2009
20090211	2009-02-11	Wednesday 	200907	Week 7/2009 	200902	February  	2009
20090212	2009-02-12	Thursday  	200907	Week 7/2009 	200902	February  	2009
20090213	2009-02-13	Friday    	200907	Week 7/2009 	200902	February  	2009
20090214	2009-02-14	Saturday  	200907	Week 7/2009 	200902	February  	2009
20090215	2009-02-15	Sunday    	200907	Week 7/2009 	200902	February  	2009
20090216	2009-02-16	Monday    	200908	Week 8/2009 	200902	February  	2009
20090217	2009-02-17	Tuesday   	200908	Week 8/2009 	200902	February  	2009
20090218	2009-02-18	Wednesday 	200908	Week 8/2009 	200902	February  	2009
20090219	2009-02-19	Thursday  	200908	Week 8/2009 	200902	February  	2009
20090220	2009-02-20	Friday    	200908	Week 8/2009 	200902	February  	2009
20090221	2009-02-21	Saturday  	200908	Week 8/2009 	200902	February  	2009
20090222	2009-02-22	Sunday    	200908	Week 8/2009 	200902	February  	2009
20090223	2009-02-23	Monday    	200909	Week 9/2009 	200902	February  	2009
20090224	2009-02-24	Tuesday   	200909	Week 9/2009 	200902	February  	2009
20090225	2009-02-25	Wednesday 	200909	Week 9/2009 	200902	February  	2009
20090226	2009-02-26	Thursday  	200909	Week 9/2009 	200902	February  	2009
20090227	2009-02-27	Friday    	200909	Week 9/2009 	200902	February  	2009
20090228	2009-02-28	Saturday  	200909	Week 9/2009 	200902	February  	2009
20090301	2009-03-01	Sunday    	200909	Week 9/2009 	200903	March     	2009
20090302	2009-03-02	Monday    	200910	Week 10/2009	200903	March     	2009
20090303	2009-03-03	Tuesday   	200910	Week 10/2009	200903	March     	2009
20090304	2009-03-04	Wednesday 	200910	Week 10/2009	200903	March     	2009
20090305	2009-03-05	Thursday  	200910	Week 10/2009	200903	March     	2009
20090306	2009-03-06	Friday    	200910	Week 10/2009	200903	March     	2009
20090307	2009-03-07	Saturday  	200910	Week 10/2009	200903	March     	2009
20090308	2009-03-08	Sunday    	200910	Week 10/2009	200903	March     	2009
20090309	2009-03-09	Monday    	200911	Week 11/2009	200903	March     	2009
20090310	2009-03-10	Tuesday   	200911	Week 11/2009	200903	March     	2009
20090311	2009-03-11	Wednesday 	200911	Week 11/2009	200903	March     	2009
20090312	2009-03-12	Thursday  	200911	Week 11/2009	200903	March     	2009
20090313	2009-03-13	Friday    	200911	Week 11/2009	200903	March     	2009
20090314	2009-03-14	Saturday  	200911	Week 11/2009	200903	March     	2009
20090315	2009-03-15	Sunday    	200911	Week 11/2009	200903	March     	2009
20090316	2009-03-16	Monday    	200912	Week 12/2009	200903	March     	2009
20090317	2009-03-17	Tuesday   	200912	Week 12/2009	200903	March     	2009
20090318	2009-03-18	Wednesday 	200912	Week 12/2009	200903	March     	2009
20090319	2009-03-19	Thursday  	200912	Week 12/2009	200903	March     	2009
20090320	2009-03-20	Friday    	200912	Week 12/2009	200903	March     	2009
20090321	2009-03-21	Saturday  	200912	Week 12/2009	200903	March     	2009
20090322	2009-03-22	Sunday    	200912	Week 12/2009	200903	March     	2009
20090323	2009-03-23	Monday    	200913	Week 13/2009	200903	March     	2009
20090324	2009-03-24	Tuesday   	200913	Week 13/2009	200903	March     	2009
20090325	2009-03-25	Wednesday 	200913	Week 13/2009	200903	March     	2009
20090326	2009-03-26	Thursday  	200913	Week 13/2009	200903	March     	2009
20090327	2009-03-27	Friday    	200913	Week 13/2009	200903	March     	2009
20090328	2009-03-28	Saturday  	200913	Week 13/2009	200903	March     	2009
20090329	2009-03-29	Sunday    	200913	Week 13/2009	200903	March     	2009
20090330	2009-03-30	Monday    	200914	Week 14/2009	200903	March     	2009
20090331	2009-03-31	Tuesday   	200914	Week 14/2009	200903	March     	2009
20090401	2009-04-01	Wednesday 	200914	Week 14/2009	200904	April     	2009
20090402	2009-04-02	Thursday  	200914	Week 14/2009	200904	April     	2009
20090403	2009-04-03	Friday    	200914	Week 14/2009	200904	April     	2009
20090404	2009-04-04	Saturday  	200914	Week 14/2009	200904	April     	2009
20090405	2009-04-05	Sunday    	200914	Week 14/2009	200904	April     	2009
20090406	2009-04-06	Monday    	200915	Week 15/2009	200904	April     	2009
20090407	2009-04-07	Tuesday   	200915	Week 15/2009	200904	April     	2009
20090408	2009-04-08	Wednesday 	200915	Week 15/2009	200904	April     	2009
20090409	2009-04-09	Thursday  	200915	Week 15/2009	200904	April     	2009
20090410	2009-04-10	Friday    	200915	Week 15/2009	200904	April     	2009
20090411	2009-04-11	Saturday  	200915	Week 15/2009	200904	April     	2009
20090412	2009-04-12	Sunday    	200915	Week 15/2009	200904	April     	2009
20090413	2009-04-13	Monday    	200916	Week 16/2009	200904	April     	2009
20090414	2009-04-14	Tuesday   	200916	Week 16/2009	200904	April     	2009
20090415	2009-04-15	Wednesday 	200916	Week 16/2009	200904	April     	2009
20090416	2009-04-16	Thursday  	200916	Week 16/2009	200904	April     	2009
20090417	2009-04-17	Friday    	200916	Week 16/2009	200904	April     	2009
20090418	2009-04-18	Saturday  	200916	Week 16/2009	200904	April     	2009
20090419	2009-04-19	Sunday    	200916	Week 16/2009	200904	April     	2009
20090420	2009-04-20	Monday    	200917	Week 17/2009	200904	April     	2009
20090421	2009-04-21	Tuesday   	200917	Week 17/2009	200904	April     	2009
20090422	2009-04-22	Wednesday 	200917	Week 17/2009	200904	April     	2009
20090423	2009-04-23	Thursday  	200917	Week 17/2009	200904	April     	2009
20090424	2009-04-24	Friday    	200917	Week 17/2009	200904	April     	2009
20090425	2009-04-25	Saturday  	200917	Week 17/2009	200904	April     	2009
20090426	2009-04-26	Sunday    	200917	Week 17/2009	200904	April     	2009
20090427	2009-04-27	Monday    	200918	Week 18/2009	200904	April     	2009
20090428	2009-04-28	Tuesday   	200918	Week 18/2009	200904	April     	2009
20090429	2009-04-29	Wednesday 	200918	Week 18/2009	200904	April     	2009
20090430	2009-04-30	Thursday  	200918	Week 18/2009	200904	April     	2009
20090501	2009-05-01	Friday    	200918	Week 18/2009	200905	May       	2009
20090502	2009-05-02	Saturday  	200918	Week 18/2009	200905	May       	2009
20090503	2009-05-03	Sunday    	200918	Week 18/2009	200905	May       	2009
20090504	2009-05-04	Monday    	200919	Week 19/2009	200905	May       	2009
20090505	2009-05-05	Tuesday   	200919	Week 19/2009	200905	May       	2009
20090506	2009-05-06	Wednesday 	200919	Week 19/2009	200905	May       	2009
20090507	2009-05-07	Thursday  	200919	Week 19/2009	200905	May       	2009
20090508	2009-05-08	Friday    	200919	Week 19/2009	200905	May       	2009
20090509	2009-05-09	Saturday  	200919	Week 19/2009	200905	May       	2009
20090510	2009-05-10	Sunday    	200919	Week 19/2009	200905	May       	2009
20090511	2009-05-11	Monday    	200920	Week 20/2009	200905	May       	2009
20090512	2009-05-12	Tuesday   	200920	Week 20/2009	200905	May       	2009
20090513	2009-05-13	Wednesday 	200920	Week 20/2009	200905	May       	2009
20090514	2009-05-14	Thursday  	200920	Week 20/2009	200905	May       	2009
20090515	2009-05-15	Friday    	200920	Week 20/2009	200905	May       	2009
20090516	2009-05-16	Saturday  	200920	Week 20/2009	200905	May       	2009
20090517	2009-05-17	Sunday    	200920	Week 20/2009	200905	May       	2009
20090518	2009-05-18	Monday    	200921	Week 21/2009	200905	May       	2009
20090519	2009-05-19	Tuesday   	200921	Week 21/2009	200905	May       	2009
20090520	2009-05-20	Wednesday 	200921	Week 21/2009	200905	May       	2009
20090521	2009-05-21	Thursday  	200921	Week 21/2009	200905	May       	2009
20090522	2009-05-22	Friday    	200921	Week 21/2009	200905	May       	2009
20090523	2009-05-23	Saturday  	200921	Week 21/2009	200905	May       	2009
20090524	2009-05-24	Sunday    	200921	Week 21/2009	200905	May       	2009
20090525	2009-05-25	Monday    	200922	Week 22/2009	200905	May       	2009
20090526	2009-05-26	Tuesday   	200922	Week 22/2009	200905	May       	2009
20090527	2009-05-27	Wednesday 	200922	Week 22/2009	200905	May       	2009
20090528	2009-05-28	Thursday  	200922	Week 22/2009	200905	May       	2009
20090529	2009-05-29	Friday    	200922	Week 22/2009	200905	May       	2009
20090530	2009-05-30	Saturday  	200922	Week 22/2009	200905	May       	2009
20090531	2009-05-31	Sunday    	200922	Week 22/2009	200905	May       	2009
20090601	2009-06-01	Monday    	200923	Week 23/2009	200906	June      	2009
20090602	2009-06-02	Tuesday   	200923	Week 23/2009	200906	June      	2009
20090603	2009-06-03	Wednesday 	200923	Week 23/2009	200906	June      	2009
20090604	2009-06-04	Thursday  	200923	Week 23/2009	200906	June      	2009
20090605	2009-06-05	Friday    	200923	Week 23/2009	200906	June      	2009
20090606	2009-06-06	Saturday  	200923	Week 23/2009	200906	June      	2009
20090607	2009-06-07	Sunday    	200923	Week 23/2009	200906	June      	2009
20090608	2009-06-08	Monday    	200924	Week 24/2009	200906	June      	2009
20090609	2009-06-09	Tuesday   	200924	Week 24/2009	200906	June      	2009
20090610	2009-06-10	Wednesday 	200924	Week 24/2009	200906	June      	2009
20090611	2009-06-11	Thursday  	200924	Week 24/2009	200906	June      	2009
20090612	2009-06-12	Friday    	200924	Week 24/2009	200906	June      	2009
20090613	2009-06-13	Saturday  	200924	Week 24/2009	200906	June      	2009
20090614	2009-06-14	Sunday    	200924	Week 24/2009	200906	June      	2009
20090615	2009-06-15	Monday    	200925	Week 25/2009	200906	June      	2009
20090616	2009-06-16	Tuesday   	200925	Week 25/2009	200906	June      	2009
20090617	2009-06-17	Wednesday 	200925	Week 25/2009	200906	June      	2009
20090618	2009-06-18	Thursday  	200925	Week 25/2009	200906	June      	2009
20090619	2009-06-19	Friday    	200925	Week 25/2009	200906	June      	2009
20090620	2009-06-20	Saturday  	200925	Week 25/2009	200906	June      	2009
20090621	2009-06-21	Sunday    	200925	Week 25/2009	200906	June      	2009
20090622	2009-06-22	Monday    	200926	Week 26/2009	200906	June      	2009
20090623	2009-06-23	Tuesday   	200926	Week 26/2009	200906	June      	2009
20090624	2009-06-24	Wednesday 	200926	Week 26/2009	200906	June      	2009
20090625	2009-06-25	Thursday  	200926	Week 26/2009	200906	June      	2009
20090626	2009-06-26	Friday    	200926	Week 26/2009	200906	June      	2009
20090627	2009-06-27	Saturday  	200926	Week 26/2009	200906	June      	2009
20090628	2009-06-28	Sunday    	200926	Week 26/2009	200906	June      	2009
20090629	2009-06-29	Monday    	200927	Week 27/2009	200906	June      	2009
20090630	2009-06-30	Tuesday   	200927	Week 27/2009	200906	June      	2009
20090701	2009-07-01	Wednesday 	200927	Week 27/2009	200907	July      	2009
20090702	2009-07-02	Thursday  	200927	Week 27/2009	200907	July      	2009
20090703	2009-07-03	Friday    	200927	Week 27/2009	200907	July      	2009
20090704	2009-07-04	Saturday  	200927	Week 27/2009	200907	July      	2009
20090705	2009-07-05	Sunday    	200927	Week 27/2009	200907	July      	2009
20090706	2009-07-06	Monday    	200928	Week 28/2009	200907	July      	2009
20090707	2009-07-07	Tuesday   	200928	Week 28/2009	200907	July      	2009
20090708	2009-07-08	Wednesday 	200928	Week 28/2009	200907	July      	2009
20090709	2009-07-09	Thursday  	200928	Week 28/2009	200907	July      	2009
20090710	2009-07-10	Friday    	200928	Week 28/2009	200907	July      	2009
20090711	2009-07-11	Saturday  	200928	Week 28/2009	200907	July      	2009
20090712	2009-07-12	Sunday    	200928	Week 28/2009	200907	July      	2009
20090713	2009-07-13	Monday    	200929	Week 29/2009	200907	July      	2009
20090714	2009-07-14	Tuesday   	200929	Week 29/2009	200907	July      	2009
20090715	2009-07-15	Wednesday 	200929	Week 29/2009	200907	July      	2009
20090716	2009-07-16	Thursday  	200929	Week 29/2009	200907	July      	2009
20090717	2009-07-17	Friday    	200929	Week 29/2009	200907	July      	2009
20090718	2009-07-18	Saturday  	200929	Week 29/2009	200907	July      	2009
20090719	2009-07-19	Sunday    	200929	Week 29/2009	200907	July      	2009
20090720	2009-07-20	Monday    	200930	Week 30/2009	200907	July      	2009
20090721	2009-07-21	Tuesday   	200930	Week 30/2009	200907	July      	2009
20090722	2009-07-22	Wednesday 	200930	Week 30/2009	200907	July      	2009
20090723	2009-07-23	Thursday  	200930	Week 30/2009	200907	July      	2009
20090724	2009-07-24	Friday    	200930	Week 30/2009	200907	July      	2009
20090725	2009-07-25	Saturday  	200930	Week 30/2009	200907	July      	2009
20090726	2009-07-26	Sunday    	200930	Week 30/2009	200907	July      	2009
20090727	2009-07-27	Monday    	200931	Week 31/2009	200907	July      	2009
20090728	2009-07-28	Tuesday   	200931	Week 31/2009	200907	July      	2009
20090729	2009-07-29	Wednesday 	200931	Week 31/2009	200907	July      	2009
20090730	2009-07-30	Thursday  	200931	Week 31/2009	200907	July      	2009
20090731	2009-07-31	Friday    	200931	Week 31/2009	200907	July      	2009
20090801	2009-08-01	Saturday  	200931	Week 31/2009	200908	August    	2009
20090802	2009-08-02	Sunday    	200931	Week 31/2009	200908	August    	2009
20090803	2009-08-03	Monday    	200932	Week 32/2009	200908	August    	2009
20090804	2009-08-04	Tuesday   	200932	Week 32/2009	200908	August    	2009
20090805	2009-08-05	Wednesday 	200932	Week 32/2009	200908	August    	2009
20090806	2009-08-06	Thursday  	200932	Week 32/2009	200908	August    	2009
20090807	2009-08-07	Friday    	200932	Week 32/2009	200908	August    	2009
20090808	2009-08-08	Saturday  	200932	Week 32/2009	200908	August    	2009
20090809	2009-08-09	Sunday    	200932	Week 32/2009	200908	August    	2009
20090810	2009-08-10	Monday    	200933	Week 33/2009	200908	August    	2009
20090811	2009-08-11	Tuesday   	200933	Week 33/2009	200908	August    	2009
20090812	2009-08-12	Wednesday 	200933	Week 33/2009	200908	August    	2009
20090813	2009-08-13	Thursday  	200933	Week 33/2009	200908	August    	2009
20090814	2009-08-14	Friday    	200933	Week 33/2009	200908	August    	2009
20090815	2009-08-15	Saturday  	200933	Week 33/2009	200908	August    	2009
20090816	2009-08-16	Sunday    	200933	Week 33/2009	200908	August    	2009
20090817	2009-08-17	Monday    	200934	Week 34/2009	200908	August    	2009
20090818	2009-08-18	Tuesday   	200934	Week 34/2009	200908	August    	2009
20090819	2009-08-19	Wednesday 	200934	Week 34/2009	200908	August    	2009
20090820	2009-08-20	Thursday  	200934	Week 34/2009	200908	August    	2009
20090821	2009-08-21	Friday    	200934	Week 34/2009	200908	August    	2009
20090822	2009-08-22	Saturday  	200934	Week 34/2009	200908	August    	2009
20090823	2009-08-23	Sunday    	200934	Week 34/2009	200908	August    	2009
20090824	2009-08-24	Monday    	200935	Week 35/2009	200908	August    	2009
20090825	2009-08-25	Tuesday   	200935	Week 35/2009	200908	August    	2009
20090826	2009-08-26	Wednesday 	200935	Week 35/2009	200908	August    	2009
20090827	2009-08-27	Thursday  	200935	Week 35/2009	200908	August    	2009
20090828	2009-08-28	Friday    	200935	Week 35/2009	200908	August    	2009
20090829	2009-08-29	Saturday  	200935	Week 35/2009	200908	August    	2009
20090830	2009-08-30	Sunday    	200935	Week 35/2009	200908	August    	2009
20090831	2009-08-31	Monday    	200936	Week 36/2009	200908	August    	2009
20090901	2009-09-01	Tuesday   	200936	Week 36/2009	200909	September 	2009
20090902	2009-09-02	Wednesday 	200936	Week 36/2009	200909	September 	2009
20090903	2009-09-03	Thursday  	200936	Week 36/2009	200909	September 	2009
20090904	2009-09-04	Friday    	200936	Week 36/2009	200909	September 	2009
20090905	2009-09-05	Saturday  	200936	Week 36/2009	200909	September 	2009
20090906	2009-09-06	Sunday    	200936	Week 36/2009	200909	September 	2009
20090907	2009-09-07	Monday    	200937	Week 37/2009	200909	September 	2009
20090908	2009-09-08	Tuesday   	200937	Week 37/2009	200909	September 	2009
20090909	2009-09-09	Wednesday 	200937	Week 37/2009	200909	September 	2009
20090910	2009-09-10	Thursday  	200937	Week 37/2009	200909	September 	2009
20090911	2009-09-11	Friday    	200937	Week 37/2009	200909	September 	2009
20090912	2009-09-12	Saturday  	200937	Week 37/2009	200909	September 	2009
20090913	2009-09-13	Sunday    	200937	Week 37/2009	200909	September 	2009
20090914	2009-09-14	Monday    	200938	Week 38/2009	200909	September 	2009
20090915	2009-09-15	Tuesday   	200938	Week 38/2009	200909	September 	2009
20090916	2009-09-16	Wednesday 	200938	Week 38/2009	200909	September 	2009
20090917	2009-09-17	Thursday  	200938	Week 38/2009	200909	September 	2009
20090918	2009-09-18	Friday    	200938	Week 38/2009	200909	September 	2009
20090919	2009-09-19	Saturday  	200938	Week 38/2009	200909	September 	2009
20090920	2009-09-20	Sunday    	200938	Week 38/2009	200909	September 	2009
20090921	2009-09-21	Monday    	200939	Week 39/2009	200909	September 	2009
20090922	2009-09-22	Tuesday   	200939	Week 39/2009	200909	September 	2009
20090923	2009-09-23	Wednesday 	200939	Week 39/2009	200909	September 	2009
20090924	2009-09-24	Thursday  	200939	Week 39/2009	200909	September 	2009
20090925	2009-09-25	Friday    	200939	Week 39/2009	200909	September 	2009
20090926	2009-09-26	Saturday  	200939	Week 39/2009	200909	September 	2009